,,,,,,,,,,,,,,,,,,,,
Course Code,Course Name ,L,T,P,"C
old",C,Name of the Instructor(s),Section,Lecture,Tutorial,Lab,Link for online classes,No of students,Preferred knowledge equivalent to,Minor in,Open to,IMS Status,Course plan,Remarks,Approval (SAPC meeting)
First Year (2020 Batch) *These courses would commence after the admission of first year UG students,,,,,,,,,,,,,,,,,,,,
FP 100,Foundation Programme*,-,-,-,-,4,TBA,,,,,,,,,,,,,
MA 101,Mathematics I*,4,2,0,-,4,"Arnab Saha (I+T)
Akshaa Vatwani (I+T)
Atul Dixit (I+ T)
Bipul Saurabh (T)
Sanjay Amrutiya (T)
Fatma Cicek (T)",,B1+C,K2+M2,,,,,,,,,,
ES 101,Engineering Graphics*,2,0,3,-,3,"Kaustubh Rane (I+T), Amit Prashant (T), Abhijit Mishra (T), Jayaprakash KR (T)",,B2+B3,,,,,,,,,,,
ES 102,Introduction to Computing*,2,0,2,-,3,TBA,,,,,,,,,,,,,
ES 112,Computing*,2,0,2,-,3,TBA,,,,,,,,,,,,,
ES 103,Introduction to Electrical Systems,3,1,0,-,4,Naran Pindoriya (I+T),,E,K1,,ES 103,,,,,,,,
BE 101,Introduction to Life Sciences: Fundamentals of Life*,3,1,0,6,4,TBA,,F,,,,,,,,,,,
HS 101,English Studies*,3,0,0,6,4,TBA,,G,,,,,,,,,,,
HS 102,Pleasures of English Studies*,3,0,0,6,4,TBA,,G,,,,,,,,,,,
HS 104(R),Foundational Sanskrit*,3,1,0,,4,TBA,,G,,,,,,,,,,,
HS 103,French studies*,3,1,0,,4,TBA,,G,,,,,,,,,,,
PE 101,Physical Education (to be offered),0,0,0,0,0,,,,,,,,,,,,,,
,,,,,,,,,,,,,,,,,,,,
Second Year (2019 Batch),,,,,,,,,,,,,,,,,,,,
HS 221,Introduction to Philosophy,3,0,0,6,4,Jaison Manjaly,,F,,,HS 221,,,,,,,,
MA 201,Mathematics III,3,2,0,8,4,"JagmohanTyagi (I+T)
V. D. Sharma (I+T)
Mohan Joshi (I+T)
Arpan Bhattacharya (T)
Vinod Chandra (T) Satyajit Pramanik (T)",,C ,"B1,A2",,"MA 201 Section 1, MA 201 Section 2, MA 201 Section 3",,,,,,, ,
CH 201,General Chemistry,3,0,0,6,4,"Saumyakanti (I), Sairam (I), Sudhanshu (I)",,E,,,"CH201 Section 1, CH 201 Section 2, CH 201 Section 3",,,,,,,,
ES 201,Introduction to Design and Innovation,2,0,4,8,4,"Manasi Kanetkar (I+L), Siddharth Srivastava (L), Khushboo Shah (L)",I,"H1, I3",,K2+M2+N2+P2,ES 201,,,,,,,,
,,,,,,,,II,"H2 , H3",,K3+M3+N3+R2,,,,,,,,,
ES 211,"Thermodynamics (CL, ME & MSE)",3,2,0,8,4,"Atul Bhargav (I), Uddipta Ghosh (T), Raghavan Ranganathan (T), Chinmay Ghoroi(T)",I,"H2 , H3","G2, L2",,"ES 211, Chinmay",,,,,,,,
,,,,,,,,II,"H1, I3",,,,,,,,,,,
ES 203,"Digital Systems 
for EE & CSE students",2,1,3,6,4,Joycee Mekie (I+T+L),,"D1, D3",D2,K1+M1+N1,ES 203,,ES 104,,,,,,
EE 221,Electronic Devices (EE Students),2,1,0,6,3,Arup Chakraborty (I+T),,"G1, G3",L1,,EE 221,,,,,,,,
CE 201,"Earth Materials and Processes
for CE students",2,0,3,,4,Vikrant Jain (I+L),,"D1, D3",,L1+J1,CE 201; Lab,lab,,,,,,,
CL 201,"Chemical Process Calculations
for CL students",1,2,0,,2,Kaustubh Rane (I+T),,D2,D1+G1,,CL 201,,,,,,,,
ES 242,Data Structures and Algorithms - I (CS Students),2,0,2,,3,Neeldhara Misra (I+L),,J,,,ES 242,,ES102 or ES 112,CSE,,,,,
ES 202,"Introduction to Materials
for MSE students",3,1,0,,4,Abhijit Misra (I+T),,D,L1,,ES 202,,,,,,,,
ES 321,"Dynamics and Vibrations 
for ME students",3,1,0,,4,"Jayaprakash KR (I+T), Vineet Vashista (I+T)",,D,L1,,ES 321,,,,,,,,
,,,,,,,,,,,,,,,,,,,,
5th Sem Chemical,,,,,,,,,,,,,,,,,,,,
CL 221,Chemical Engineering Thermodynamics,3,1,0,8,4,Prachi Thereja (I+T),,D,J1,,CL 221,,ES 211,,,,,,
ES 311,Heat and Mass Transfer,3,1,0,8,4,"Sameer Dalvi (I+T), Jaichander Swaminathan (T)",,F,M1,,ES 311,,ES 212,,,,,,
CL 322,Chemical Reaction Engineering,3,1,0,,4,Mithun Radhakrishna (I+T),,E,K3,,CL 322,,ES 212 & ES 311,,,,,,
CL 351,Heat Transfer and Thermodynamics Lab,0,0,4,4,2,,,,,,,,ES 311,,,,,,
HS XXX,HSS Elective,,,,,4,,,,,,,,,,,,,,
,Basic Science Elective,,,,,4,,,,,,,,,,,,,,
,,,,,,,,,,,,,,,,,,,,
7th Sem Chemical,,,,,,,,,,,,,,,,,,,,
CL 425,Process Synthesis and Design,3,1,0,,4,Nitin Padhiyar (I+T),,G,J1,,CL 425,,"ES 212, ES 311 & CL 321",,,,,,
CL 451,Process Dynamics and Control Lab,0,0,4,,2,,,,,,,,,,,,,,
HS XXX,HS Elective,,,,,,,,,,,,,,,,,,,
,Open Elective,,,,,,,,,,,,,,,,,,,
,Open Elective,,,,,,,,,,,,,,,,,,,
,,,,,,,,,,,,,,,,,,,,
5th Sem Civil,,,,,,,,,,,,,,,,,,,,
CE 302,Structural Analysis,3,1,0,,4,Gaurav Srivastava (I+T),,F,K1,,CE 302,,ES 221,,,,,,
CE 301A,"Soil Mechanics  (this course has been split into theory CE 301A and  lab CE 301B components, the theory component would be taught this sem, and lab component would be taught next semester)",3,1,0,,4,Ajanta Sachan (I+T),,E,K3,,CE 301,,,,,,,,
CE 308A,"Water Resource Engineering (this course has been split into theory CE 308A and  lab CE 308B components, the theory component would be taught this sem, and lab component would be taught next semester)",2,0,0,,3,Udit Bhatia (I+L),,C,,,CE 308,,,,,,,,
CE 303,Geospatial Engineering,1,0,3,,3,,,,,,,,,,,,,,
HS XXX,HSS Elective,3,0,0,,4,,,,,,,,,,,,,,
,,,,,,,,,,,,,,,,,,,,
7th Sem Civil,,,,,,,,,,,,,,,,,,,,
CE 401,Comprehensive Project - I,0,0,3,,4,Manish Kumar (L),,J1+L1,,,CE 401,,Exposure to Basic Civil Engineering Courses,,,,,,
HS XXX,HSS Elective,,,,,,,,,,,,,,,,,,,
,BS Elective,,,,,,,,,,,,,,,,,,,
,Open Elective,,,,,,,,,,,,,,,,,,,
,,,,,,,,,,,,,,,,,,,,
5th Sem Computer Science,,,,,,,,,,,,,,,,,,,,
CS 302,Theory of Computation,3,1,0,,4,Balagopal (I+T),,K,L1,,CS 302,,"Mathematical Maturity, Good Programming Skills",CSE,,,,,
CS 301,Operating Systems,3,0,2,,5,Nipun Batra (I+L),,F,,M3+N3,CS 301,,ES 203 Digital Systems,CSE,,,,,
ES 331,Probability and Random Processes,3,1,0,6,4,Shanmuganathan Raman (I+T),,D,J1,,ES 331,,Probability and Statistics,,,,,,
HS 3XX,HSS Elective,,,,,,,,,,,,,,,,,,,
,BS Elective,,,,,,,,,,,,,,,,,,,
,,,,,,,,,,,,,,,,,,,,
7th Sem Computer Science,,,,,,,,,,,,,,,,,,,,
,Open Elective,,,,,,,,,,,,,,,,,,,
,Open Elective,,,,,,,,,,,,,,,,,,,
HS 3XX,HSS Elective,,,,,,,,,,,,,,,,,,,
,,,,,,,,,,,,,,,,,,,,
,,,,,,,,,,,,,,,,,,,,
5th Sem  Electrical,,,,,,,,,,,,,,,,,,,,
EE 332,Power Systems,3,1,0,8,4,Ragavan K (I+T),,C,K1,,EE 332,,ES 103,,,,,,
ES 331,Probability and Random Processes,3,1,0,6,4,Shanmuganathan Raman (I+T),,D,J1,,ES 331,,Probability and Statistics,,,,,,
EE 321,Analog Circuits,3,1,3,9,5,"Nihar Mohapatra (I+T+L), Himanshu Shekhar (L)",,F,K3,J2+L2,EE 321,,EE 221 Electronic Devices,,,,,,
EE 311,Electromagnetic Waves,3,1,0,6,4,Ravi Hegde (I+T),,G,K2,,EE 311,,PH 101,,,,,,
HS XXX,HSS Elective,3,0,0,,4,,,,,,,,,,,,,,
,,,,,,,,,,,,,,,,,,,,
7th  Sem  Electrical,,,,,,,,,,,,,,,,,,,,
EE 411,Digital Signal Processing,3,1,0,6,4,"Uttama Lahiri (I+T), Madhu Vadali (T)",,G,K1,,EE 411,,ES 331,,,,,,
EE 431,Electrical Systems Lab,0,0,4,,2,S Rajendran (L),,,,K2+M2+N2+P2,EE 431,,"EE 341, EE 311, EE 411, ES 332, EE 332.",,,,,,
HS XXX,HSS Elective (choose from list below),,,,,,,,,,,,,,,,,,,
,Open Elective,,,,,,,,,,,,,,,,,,,
,Open Elective,,,,,,,,,,,,,,,,,,,
,Basic Science Elective (choose from list below),,,,,,,,,,,,,,,,,,,
,,,,,,,,,,,,,,,,,,,,
5th  Sem  Mechanical,,,,,,,,,,,,,,,,,,,,
ES 311,Heat and Mass Transfer,3,1,0,8,4,"Sameer Dalvi (I+T), Jaichander Swaminathan (T)",,F,M1,,ES 311,,ES 212,,,,,,
ME 321,Mechanics of Deformable Bodies,3,1,0,8,4,Ravi Sastri Ayyagari (I+T),,C,D2,,ME 321,,ES 221,,,,,,
ME 331,Manufacturing Processes and Systems,3,0,0,8,4,"Madhu Vadali (I), N. Ramakrishnan",,E, ,,ME 331,,ES 104,,,,,,
HS XXX,HSS Elective,,,,,,,,,,,,,,,,,,,
,,,,,,,,,,,,,,,,,,,,
7th Sem  Mechanical,,,,,,,,,,,,,,,,,,,,
ME 461,Integrated Design and Manufacturing II,0,1,4,4,2,N. Ramakrishnan (T+L),,G2,,"D1+G1, D3+G3",ME 461,,,,,,,,
HS XXX,HSS Elective,,,,,,,,,,,,,,,,,,,
,Basic Science Elective,,,,,,,,,,,,,,,,,,,
,Open Elective,,,,,,,,,,,,,,,,,,,
,Open Elective,,,,,,,,,,,,,,,,,,,
,,,,,,,,,,,,,,,,,,,,
5th Sem Materials Sci & Engg,,,,,,,,,,,,,,,,,,,,
MSE 303,Mechanical Behaviour of Materials (more details on lab component would be shared soon),3,0,2,,5,Pradipta Ghosh (I+L),,D,,,MSE 303,,"ES 202, ES 221",,,,,,
MSE 304,Principles of Metal Extraction and Refining,3,0,0,,4,S. P. Mehrotra (I),,E,,,MSE 304,,,,,,,,
MSE 305,Advanced Materials,3,0,0,,4,Superb Misra (I),,G,,,MSE 305 (Wednesday),,ES 202,,,,,,
MSE 310,Physics of Materials,3,1,0,,4,Gopinathan Kalon (I+T),,F,K1,,MSE 310,,ES 202,,,,,,
HS XXX,HSS Elective,,,,,,,,,,,,,,,,,,,
,,,,,,,,,,,,,,,,,,,,
,,,,,,,,,,,,,,,,,,,,
7th Sem Materials Sci & Engg,,,,,,,,,,,,,,,,,,,,
MSE 402,Computational Process Design,3,1,0,,4,Raghavan Ranganathan (I+T),,D,J1,,MSE 402,,"MSE 201, MSE 209",,,,,,
HS XXX,HSS Elective,,,,,,,,,,,,,,,,,,,
,Basic Science Elective,,,,,,,,,,,,,,,,,,,
,Open Elective,,,,,,,,,,,,,,,,,,,
,Open Elective,,,,,,,,,,,,,,,,,,,
,,,,,,,,,,,,,,,,,,,,
Electives,,,,,,,,,,,,,,,,,,,,
Additional courses BE,,,,,,,,,,,,,,,,,,,,
BE 303,Bionanotechnology – Principles and Applications,3,0,0,,4,Dhiraj Bhatia,,C,,,BE 303,,BE 101 or equivalent,BS Elective,,,,,
BE 304,Introduction to Biomedical Engineering,3,0,0,,4,Karla Mercado-Shekhar,,F,,,BE 304,,BE 101 or equivalent,BS Elective,,,,,
BE 607,Molecular and Cellular Biotechnology,3,0,0,,4,Sharmistha Majumdar,,L,,,BE 607,,Instructor’s consent required for UGs,BS Elective,,,,,
BE 608,Molecular Basis of Neurodegenerative Diseases,3,0,0,,4,Sharad Gupta,,P,,,BE 608,,Instructor’s consent required for UGs,BS Elective,,,,,
BE 610,Molecular Oncology,3,0,0,,4,Umashankar Singh,,E,,,BE 610,,UG level knowledge of cell and molecular biology,BS Elective,,,,,
,,,,,,,,,,,,,,,,,,,,
Additional courses CE,,,,,,,,,,,,,,,,,,,,
CE 601A,"Advanced Geotechnical Engineering (this course has been split into theory CE 601A and  lab CE 601B components, the theory component would be taught this sem, and lab component would be taught next semester)",3,0,0,,4,Ajanta Sachan,,H,,,CE 601,,Undergraduate level soil mechanics,,,,,,
CE 603,Constitutive Models in Soil Mechanics,3,0,0,,4,Amit Prashant,,F,,,CE 603,,ES 221,,,,,,
CE 607,Advanced Structural Analysis,3,0,0,,4,Manish Kumar,,E,,,CE 607,,,,,,,,
CE 627,Slopes and Retaining Structures,3,0,0,,2,Amit Prashant,,,,,CE 627,,,,,,,,
CE 611,Advanced Engineering Hydrology,3,0,0,,4,Vimal Mishra,,F,,,CE 611,,,,,,,,
ES 621,Adv. Solid Mechanics,3,0,0,,4,Ashwini Kumar,,F,,,ES 621,,"Open to PG students. Consent of the instructor for UG students
",,,,,,
CE 622,Structural Dynamics,3,0,0,,4,Dhiman Basu,,Tuesday and Friday: 5~7pm,,,CE 622,,Theory of Structures ; Advanced engineering mathematics; and programming skills,,,,,,
CE 633,Water Resource Systems: Planning and Management,3,0,0,,4,Udit Bhatia,,E,,,CE 633,,"Basic understanding of matrix algebra, probability and statistics.",,,,,,
CE 625,Advanced Hydraulic Engineering,3,0,0,,4,Pranab Mohapatra,," Monday, Thursday 3:30PM to 5:00PM",,,CE 625,,,,,,,,
,,,,,,,,,,,,,,,,,,,,
Additional courses CL,,,,,,,,,,,,,,,,,,,,
CL 423,Chemical Processes,3,0,0,,4,Subhash Deodhar,,A,,,CL 423,,Instructor’s consent (BTech 4th year students),,,,,,
CL 601,Advance Transport Phenomena,3,1,0,,4,Pratyush Dayal (I+T),,E ,K3,,CL 601,,,,,,,,
CL 604,Advanced Reaction Engineering,3,1,0,,4,Chinmay Ghoroi (I+T),,F,K1,,"CL 604 (I)
CL 604 (T)",,Fundamentals of chemical reaction engineering,,,,,,
,,,,,,,,,,,,,,,,,,,,
Additional courses CSE,,,,,,,,,,,,,,,,,,,,
CS 433,Computer Networks,3,1,0,,4,Sameer Kulkarni (I+T),,T,I2,,CS 433,,,,,,,,
CS 610,Algorithms,3,0,0,,4,Bireswar Das,,K,,,CS 610,,"Data Structures, familiarity with undergraduate algorithms.",,,,,,
CS 612,Computer Systems,3,0,0,,4,"Anirban Dasgupta, Nipun Batra, Mayank Singh, Sameer Kulkarni",,L,,,CS 612,,CS 301,,,,,,
CS 613,Natural Language Processing,3,0,0,,4,Mayank Singh,,M,,,CS 613,,"Basic knowledge of ES 331 & MA 202, Basic understanding of ES 102/112",,,,,,
CS 614,Advanced Algorithms,3,0,0,,4,Manoj Gupta,,G,,,CS 614,,ES 301 or equivalent,,,,,,
CS 691-IV,"Special Topics in Computer Science: Advanced Machine Learning
",3,0,0,,4,Anirban Dasgupta,,H,,,CS 691-I,20,Machine learning and data science course,,,,,,
CS 691-II,Special Topics in Computer Science: Computer Algebra,3,0,0,,4,Bireswar Das,,J,,,CS 691-II,,,,,,,,
CS 691-VI,Special Topics in Computer Science: Parameterized Algorithms,3,0,0,,4,Neeldhara Misra,,P,,,CS 691-III,,,,,,,,
,,,,,,,,,,,,,,,,,,,,
Additional courses EE,,,,,,,,,,,,,,,,,,,,
ES 615 ,Nature Inspired Computing,3,0,0,,4,Nithin George,,P,,,ES 615 ,,,"CSE, Data Analytics",,,,,
EE 605,Digital Image Processing,3,0,0,,4,Nitin Khanna,,"R2, R3",,,EE 605,,EE 411,,,,,,
ES 655,Medical Imaging Systems,3,0,0,,4,Himanshu Shekhar,,"B1, A2, A3",,,ES 655,,,,,,,,
EE 619 ,Special Electrical Machines,3,0,0,,4,Ragavan K.,,K,,,EE 619 ,,EE 331,,,,,,
ES 616,Digital Control Systems,3,1,0,,4,S Rajendran (I+T),,J,R1,,ES 616,,Control Systems,,,,,,
EE 617,VLSI Design,3,0,0,,4,Joycee Mekie,,"H2+I2, I3+T2",,,EE 617,,Digital Circuits,,,,,,
EE 691-I,Special Topics in Electrical Engineering: Computer Graphics,3,0,0,,4,Shanmuganathan Raman,,,,,,,,,,,,,
,,,,,,,,,,,,,,,,,,,,
Additional courses ME,,,,,,,,,,,,,,,,,,,,
ME 605,Computational Fluid Dynamics,3,2,0,,4,Dilip Sundaram (I+T),,K,J2+L2,,Lectures Tutorials,,,,,,,,
ES 607,Foundations of Fluid Dynamics,3,1,0,,4,Vinod Narayanan (I+T),,G,H2,,ES 607,,,,,,,,
ME 639,Introduction to Robotics,3,0,0,,4,Vineet Vashista,,J,,,ME 639,,,,,,,,
ME 626,Industrial Hydraulics and Pneumatics,3,0,0,,4,N. Ramakrishnan,,L,,,ME 626,,,,,,,,
ME 691-I,"Special Topics in Mechanical Engineering:
Mechanical Vibration analysis",3,0,0,,4,Jayaprakash KR,,M,,,ME 691-I,,,,,,,,
ME 691-II,"Special Topics in Mechanical Engineering:
Dynamics and Control through household objects",3,0,0,,4,Harish PM,,K,,,ME 691-II,Maximum 20,,,,,,,
ME 691-III,"Special Topics in Mechanical Engineering:
Advanced Heat and Mass Transfer",3,1,0,,4,Jaichandar Swaminathan,,N,R1,,ME 691-III,,,,,,,,
,,,,,,,,,,,,,,,,,,,,
Additional courses MSE,,,,,,,,,,,,,,,,,,,,
MSE 355,Surface Engineering,3,0,0,,4,Sriharita Rowthu,,M,,,MSE 355,,,,,,,,
MSE 403,Science and Technology of Welding and Joining,3,0,0,,4,Amit Arora,,K,,,MSE 403,,ES 202,,,,,,
MSE 622,Advance Metal Forming Technology,3,0,0,,4,Jyoti Mukhopadhyay,,L,,,MSE 622,,,,,,,,
MSE 631,Thermodynamics of Materials,3,0,0,,4,Abhay Gautam,,F,,,MSE 631,,Instructor’s consent,,,,,,
MSE 632 ,Characterization of Materials,3,0,2,,4,Emila Panda (I+L),,"D1+G1, D3+G3",,K2+M2,MSE 632 ,,Instructor’s consent,,,,,,
,,,,,,,,,,,,,,,,,,,,
Additional courses CH,,,,,,,,,,,,,,,,,,,,
CH 506,Physical organic chemistry,3,0,0,,4,Sudipta Basu,,E,,,CH 506,,Instructor’s Consent,,,,,,
CH 510,Main Group and Transition Metal Chemistry,3,0,0,,4,Iti Gupta,,F,,,CH 510,,,,,,,,
CH 511,Quantum Chemistry,3,0,0,,4,Sairam Mallajosyula,,M,,,CH 511,,,,,,,,
CH 513,Advanced Organic Chemistry,3,0,0,,4,Sivapriya Kirubakaran,,G,,,CH 513,,CH 512,,,,,,
CH 616,Applied Chemical Biology,3,0,0,,4,Sriram Kanvah,,F,,,CH616,,,,,,,,
CH 622,Interpretative organic spectroscopy,3,0,0,,4,Bhaskar Datta,,G,,,CH 622,,,,,,,,
CH 626,Asymmetric Synthesis and Catalysis,3,0,0,,4,Chandrakumar Appayee,,J,,,CH 626,,,,,,,,
,,,,,,,,,,,,,,,,,,,,
Additional courses MA,,,,,,,,,,,,,,,,,,,,
MA 501,Basic Algebra,3,1,0,,4,Indranath Sengupta (I+T),,D,J1,,MA 501,,,,,,,,
MA 504,Introduction to Linear Algebra,3,1,0,,4,Akshaa Vatwani (I+T),,F,K3,,MA 504,,,,,,,,
MA 509,Topics in Real Analysis,3,1,0,,4,Atul Dixit (I+T),,E,K1,,MA 509,,,,,,,,
MA 510,Topology,3,1,0,,4,N. Ladhawala (I+T),,G,L1,,"MA 510 Meeting ID: 970 539 7964
Password: 720947",,,,,,,,
MA 601,Mathematical Methods in Engineering,3,0,0,,4,"Satyajijt Pramanik (I), Mohan Joshi (Additional Help Sessions)",,C, ,,MA 601,,,,,,,,
MA 623,Number Theory,3,0,0,,4,Fatma Cicek,,H,,,MA 623,,"Basic acquaintance with real and complex analysis, MA 501",,,,,,
MA 626,Functional Analysis,3,0,0,,4,Bipul Saurabh,,605,,,MA 626,,MA 509,,,,,,
MA 627,Algebraic Topology,3,0,0,,4,Sanjay Amrutiya,,N,,,MA 627,,"Basic concepts in Topology, Algebra and Linear Algebra",,,,,,
MA 628,Algebra-II,3,0,0,,4,Arnab Saha,,L,,,MA 628,,"MA 501, Linear Algebra",,,,,,
MA 630,Probability Theory,3,0,0,,4,Chetan Pahalajani,,M,,,MA 630,,"MA 509, MA 622",,,,,,
,,,,,,,,,,,,,,,,,,,,
Additional courses PH,,,,,,,,,,,,,,,,,,,,
PH 404,Molecular and Crystal Physics,3,0,0,,4,Vijay Thiruvenkatam,,N,,,PH 404,,,,,,,,
PH 502,Mathematical Methods of Physics - I,3,1,0,,4,Prasanna Venkatesh (I+T),,C,B1,,PH 502,,UG level multivariate calculus and linear algebra,,,,,,
PH 503,Quantum Mechanics I,3,1,0,,4,Bharadwaj Coleppa (I+T),,D,H2,,PH 503,,Linear Algebra,,,,,,
PH 505,Classical Electrodynamics,3,1,0,,4,Sudipta Sarkar (I+T),,L,K1,,PH 505,,Instructors Consent (for non M.Sc. Physics students),,,,,,
PH 508 ,Classical Mechanics,3,0,0,,4,Vinod  Chandra,,F,,,PH 508 ,,"PH 101, MA 201",,,,,,
PH 509,Computational Physics,2,0,2,,4,Anand Sengupta (I+L),,"F1, F2",,F3+H3,PH 509,,Instructor’s consent,,,,,,
PH 510,Condensed Matter Physics,3,1,0,,4,Rupak  Banarjee (I+T),,E,K3,,PH 510,,Undergraduate Quantum Mechanics or Equivalent,,,,,,
PH 605,Topics in Classical Mechanics and Electrodynamics,3,0,0,,4,RR Puri,,L,,,PH 605,,Instructor’s consent,,,,,,
PH 608,Tools of Theoretical Physics,3,0,0,,4,RR Puri,,D,,,PH 608,,"Knowledge of Linear Algebra, Differential equations and Basics of Group Theory",,,,,,
PH 610,Quantum Field Theory I,3,0,0,,4,Arpan  Bhatacharyya,,"P1, R2",,,PH 610,,PH 504,,,,,,
PH 644,Tools of experimental Physics,3,0,0,,4,Gopinadhan Kalon,,J,,,PH 644,,,,,,,,
PH 692,Special Topics in Physics: Ultrafast Optics,3,0,0,,2,Ramon Carriles,,"7:30PM to 9:00PM
 (Tuesdays and Thursdays)",,,PH 692,,,,,,,,
,,,,,,,,,,,,,,,,,,,,
Course EH,,,,,,,,,,,,,,,,,,,,
EH 601,Earth Surface Processes in the Anthropocene,2,0,2,,4,Saptarshi Dey (I+L),,"E1, E2",,K3+M3,EH 601,,,,,,,,
EH 605,Modeling of Earth System and Sustainability,3,0,0,,4,R N Singh,,F,,,EH 605,,Instructor’s consent,,,,,,
EH 610,Engineering Seismology and Seismic Hazard Analysis,3,0,0,,4,Sanjay Singh Bora,,D,,,EH 610,,Basic programming skills in Python/MATLAB.,,,,,,
ES 635,Water Quality Engineering,3,0,0,,4,Manish Kumar Singh,,G,,,ES 635,,Basic UG level Mathematics and Chemistry,,,,,,
,,,,,,,,,,,,,,,,,,,,
Course CG,,,,,,,,,,,,,,,,,,,,
CG 513,Behavioral Economics,3,0,0,,4,Krishna Miyapuram,,F,,,CG 513,,,Cognitive Science/ HSS / Management,,,,,
CG 591,Special Topics in Cognitive Science: Introduction to Cognitive Neuropsychology,3,0,0,,4,Setu Havanur,,A,,,CG 591,,,Basic Science / Cognitive Science,,,,,
CG 606,Philosophy of Mind,3,0,0,,4,Jaison Manjaly,,E,,,CG 606,40,,Cognitive Science/ HSS,M.Sc. Cognitive Science,,,,
CG 502,Foundations of Cognitive Science,3,0,0,,2,Krishna Miyapuram (coordination),,L1,,,CG 502,,,Cognitive Science ,first year MSc Cogsci only,,,,
CG 691-I,Special Topics in Cognitive Science: Neuroplasticity,3,0,0,,4,Leslee Lazar,,J,,,CG 691-I,,Neuroscience,Basic Science / Cognitive Science,,,,,
CG 591-I,Special Topics in Cognitive Science: Introduction to Cognitive Linguistics,3,0,0,,4,Jooyoung Kim,,D,,,CG 591-I,40,,Cognitive Science/ HSS,,,,,
,,,,,,,,,,,,,,,,,,,,
"Courses Design, HSS, Management (Kindly note that some more courses may be added under this header)",,,,,,,,,,,,,,,,,,,,
DES 201,From Idea to Marketable Product,3,0,0,,4,Manasi Kanetkar ,,L,,,DES 201,40,,,,,,,
ES 411,Topics in Complexity Science,3,0,1,,4,Antonio Fonseca,,H,,,ES 411,40,,,,,,,
FP 602 ,Writing,1,0,4,,4,"Sharmita Lahiri (I+T), Jooyoung Kim (T), Dyotana Banerjee (T), Sudipta Basu (T)",,M1,,"M2+N2, M3+N3",FP 602                    Important Annoucements,,,,,,,,
HS 104(R),Foundational Sanskrit,3,1,0,,4,Mana Shah (I+T),,G,,,HS 104(R),40,,HSS,,,,,
HS 108,Japan Studies,3,0,0,,2,Shungo Kawanishi,,"Tuesday, Thursday, and Friday, 14:05- 15:25",,,HS 108,40,,HSS,,,,,
HS 111 ,Urdu Script & Poetry,3,1,0,,4,Mohd. Mubashshir Ahsan (I+T),,P,,,HS 111                    Details,40,,HSS,,,,,
HS 112 ,Urdu Poetry Interpretation,3,1,0,,4,Mohd. Mubashshir Ahsan (I+T),,"R2, R3",,,HS 112                    Details,40,,HSS,,,,,
HS 211,Exploring India’s Scientific and Technological Heritage,3,0,0,,4,Michel Danino,,L,,,HS 211,40,,HSS,,,,,
HS 223 ,Sanskrit Literature,3,1,0,,4,Mana Shah (I+T),,J,,,HS 223 ,40,,HSS,,,,,
HS 305 ,Perspectives in Psychology,3,0,0,,4,Meera Sunny,,N,,,HS 305 ,40,,HSS,,,,,
HS 391,Special Topics in HSS: Music Traditions of India,3,0,0,,4,Srinivas Reddy,,"R1, R2",,,HS 391,40,,,,,,,
HS 313 ,When You Cannot Experiment: Social Science Methods,3,0,0,,4,Malavika Subramanyam,,J,,,HS 313 ,40,,HSS,,,,,
HS 411 ,Economic Concepts and Issues in Project Analysis,3,0,0,,2,A. Ramanathan,,L,,,HS 411 ,40,,HSS,,,,,
HS 425 ,Introduction to Archaeology,3,0,0,,4,Sharada Channarayapatna,,H,,,HS 425 ,40,,HSS,,,,,
HS 491-I,Special Topics in HSS: Indian philosophy through the ages,3,0,0,,4,Séraphia Heitmann,,"Monday, Thursday, and Friday 6:30 pm to 7:30 pm",,,HS 491-I,40,,HSS,,,,,
HS 491-II,Special Topics in HSS: The ‘engineering’ of theatre-making,3,0,0,,4,Arnab Banerji,,"Tuesday, Wednesday and Thursday 8PM",,,HS 491-II,40,,HSS,,,,,
HS 491-III,Special Topics in HSS: Storytelling for the Digital Era,3,0,0,,4,Arnapurna Rath,,K,,,HS 491-III,40,,HSS,,,,,
HS 507 ,"Humanism, Anti-Humanism, and Posthumanism",3,0,0,,4,Angus McBlane,,H,,,HS 507 ,40,,HSS,,,,,
HS 510 ,Perspectives on Indian Civilization,3,0,0,,4,Michel Danino,,G,,,HS 510 ,40,,HSS,,,,,
HS 512,Political Thought,3,0,0,,4,Dyotana Banerjee,,L,,,HS 512,40,,HSS,,,,,
HS 515 ,The Politics of the Environment,3,0,0,,4,Ambika Aiyadurai,,J,,,HS 515 ,40,,HSS,,,,,
HS 518 ,"Philosophy, Cognition and Psychoanalysis",3,0,0,,4,Arka Chattopadhyay,,H,,,HS 518 ,40,,HSS,,,,,
HS 519 ,Linguistic Anthropology,3,0,0,,4,Nishaant Choksi,,G,,,HS 519 ,40,,HSS,,,,,
HS 610,A Critical Journey Through Select Thoughts and Theories,3,0,0,,4,Arnapurna Rath,,L,,,HS 610,40,,,,,,,
HS 645 ,"History of India, 1930-1964",3,0,0,,4,Madhumita Sengupta,,M,,,HS 645 ,40,,HSS,,,,,
HS 691-I,Special Topics in HSS: Themes in Postcolonialism,3,0,0,,4,Madhumita Sengupta,,J,,,HS 691-I,40,,HSS,,,,,
HS 691-II,Special topics in HSS: Applied statistics: Multilevel modeling,3,0,0,,4,Malavika Subramanyam,,K,,,HS 691-II,30,,HSS,,,,,
IN 304 ,Ancient Indian Technology,3,1,0,,4,Alok Kumar Kanungo (I+T),,F,K1,,IN 304 ,40,,HSS,,,,,
MS 304,Organizational Behaviour & Human Resource Management (OB & HRM),3,0,0,,4,Sumeet Varghese,,P,,,MS 304,40,,management,,,,,
MS 403,Engineering Entrepreneurship,3,0,0,,4,Raj Jaswa,,Tuesdays and Wednesdays 8 pm to 9:30 pm,,,MS 403,40,,management,,,,,
MS 491,Special topics in Management: Marketing Analytics,3,0,0,,4,Marcos Severo,,Live class: Friday morning 7.30 to 9 am. 50% asynchronous teaching,,,MS 491,40,,management,,,,,
HS 491-IV,Special Topics in HSS: Owning your Narrative,3,0,0,,4,Brian Brophy,, 8-9.30 PM on Tuesday and Thursday,,,HS 491-IV,20,,HSS,,,,,
HS 491-V,"Special Topics in HSS: Social Health Engineering (Half Sem course, 2nd Half)",3,0,0,,2,Saravanan Subramnain,,,,,HS 491-V,40,,HSS,,,,,
HS 691-III,Special Topics in HSS: Abnormal Psychology,3,0,0,,4,Fred Coolidge,,"8-9 PM on Monday, Wednesday and Thursday",,,HS 691-III,40,,HSS,,,,,
HS 327 (H),"Anthropology, Citizenship and Human Rights (Half Sem course, 2nd Half)",3,0,0,,2,Rosa Perez,,TBD,,,HS 327 (H),40,,HSS,,,,,
MS 492,"Special Topics in Management: Finance Management (2 credit course that will run for entire semester, ~2 hours each week)",2,0,0,,2,Rajiv Bhatt,first lecture friday 14 August 6.30 to 8.00 pm,Saturday 9 to 10.30 am,,,MS 492,40,Accounting and Finance Management,HSS,,,,,
MS 491-I,Special Topics in Management: Product Management,3,0,0,,4,Rajiv Joshi,Registration needed on zoom link,Thursday and Friday 5 to 6.30 pm,,,MS 491-I,40,,HSS,,,,,